9.656386973504682558e+00,7.059780276251231612e+00,8.070725619059832212e+00,1.182011521775088525e+01,1.212857593597532535e+01
9.002270470182809348e-01,2.824975363043185084e-01,8.349773553220058986e-01,8.363125731434362109e-01,1.571498526666918139e+00
3.935953210138428915e+00,5.582258980382485802e+00,5.572750425581078026e+00,6.730392384689803720e+00,7.874335667997840460e+00
1.004829415246133806e+01,1.003534809269090999e+01,1.011548814869968638e+01,1.420127962247179454e+01,1.436212810696378384e+01
3.245367311677031186e+00,3.222321475698507243e+00,3.213071577871196460e+00,4.573346600157419672e+00,4.537428736821968123e+00
2.741547273287904929e+00,6.137744180577042741e-01,4.439287555092596094e+00,2.372570721012790429e+00,8.983146948401646625e+00
6.945096886155015525e+00,6.935346244323605802e+00,6.982234308207345919e+00,9.814955463435667937e+00,9.907525322262456413e+00
6.733449971815440804e+00,3.155060457927169715e+00,8.448018135913581972e-02,6.992232780704910056e+00,-2.051755117509118875e+00
2.666985947624685771e+00,1.723275786318531289e+00,1.545117616117889447e+00,3.104383843255077657e+00,2.059149437902796365e+00
6.251530006514408377e+00,6.237757078940291855e+00,6.271230285447626507e+00,8.831259590310592600e+00,8.892528053754320538e+00
9.885529463480887458e+00,8.513494202949637213e+00,6.878033287270910456e+00,1.301007440174479868e+01,8.570562453470135011e+00
3.875387973356985150e+00,4.144856863784200485e+00,4.631914481829229047e+00,5.671169511118934636e+00,6.894918024503446929e+00
5.941946603859047826e+00,1.862564388700418405e+00,8.333501664501905992e+00,5.518622646683749799e+00,1.636099470434939818e+01
1.616039526102408530e-02,1.204126520732984318e-02,7.591592651528422664e-03,1.994158536183832098e-02,7.589739645233350984e-03
5.007932923463883412e+00,5.007331621136156485e+00,4.973849982149224580e+00,7.081861474863886841e+00,7.010411007991717902e+00
5.896479273732560422e+00,5.674218798210200809e+00,2.727548941975971530e+00,8.181719069732835692e+00,1.773726468517608623e+00
1.022788369373704320e+00,3.819096852850543122e+00,1.305536142416835688e+00,3.423729874361695735e+00,6.895109550238309737e-02
6.757413539114723200e+00,7.150453679087245717e+00,8.942109819998192322e+00,9.834347221832697272e+00,1.391294519046372358e+01
3.255064700789001009e-01,2.300432895417401369e+00,2.253862129217843346e+00,1.856819532327142142e+00,3.154511886274203647e+00
9.709595733701448239e+00,9.688100138559500252e+00,9.674922742520999819e+00,1.371624229066998879e+01,1.367308913128789882e+01
8.855275370210829777e+00,8.093428273928832795e+00,3.870251616940650230e+00,1.198454327909230344e+01,2.487125474168793815e+00
8.245727414084829121e+00,7.507162182001335893e+00,9.868184851709326466e+00,1.113897505667554100e+01,1.562521599357775060e+01
1.431632651178444959e-01,1.614233191052241168e-01,2.564385205790081113e+00,2.153752391625936013e-01,5.325738982184886616e+00
9.466467482650564591e+00,9.529557692877721919e+00,9.173622441890147527e+00,1.343221821720642950e+01,1.272177704377456919e+01
2.547603305637582860e+00,4.802687063409535106e+00,2.834722677635881816e+00,5.197440163643390676e+00,2.617342293965066347e+00
4.998098627969419283e+00,2.203674576702134402e+00,2.452570509939997478e-01,5.092422669590831674e+00,-1.037964465039484807e+00
3.545393378746187540e+00,3.552237968078038932e+00,3.600249054050880471e+00,5.018783255701630530e+00,5.125470004623204900e+00
2.770866741826673696e+00,7.921006533122032955e+00,3.389735035041496758e-02,7.560296096303443569e+00,-5.529090294502427838e+00
8.237055745138963658e+00,8.252575847641159257e+00,8.188907043465913915e+00,1.165993031852276118e+01,1.153584275869970099e+01
9.886363785832941176e-02,4.197995530437985678e-01,6.601365117681911698e+00,3.667502594387421766e-01,1.370676700870726705e+01
6.304061604548776288e-01,5.149644669493074645e+00,5.495983661045293900e+00,4.087113137459136070e+00,8.017393281547073869e+00
1.125162349054058808e+01,1.126805640930351160e+01,1.125724341077538071e+01,1.592381836733005329e+01,1.591250036186954375e+01
1.490017963779113330e-01,1.196451300717808586e+00,1.011918008575456440e-01,9.513790087248512606e-01,-6.313586023366255517e-01
4.443225038557692130e+00,4.029735776487522791e+00,1.341781375735100923e+00,5.991288049046365138e+00,-3.105364988039482910e-03
7.235111931077349290e+00,7.238776502056642137e+00,5.758041586213172636e+00,1.023458466120657739e+01,7.096062803798350416e+00
3.895043297354841449e+00,7.910211863327530679e+00,8.297618641796294270e+00,8.347575977755992582e+00,1.200854277876103637e+01
3.531912703321529179e+00,3.444663044404960850e+00,2.789055294026885345e+00,4.933184020679013848e+00,3.480735136930509732e+00
9.237799704564736203e+00,9.923594444556027128e+00,1.002804357745819885e+01,1.354915173983152954e+01,1.425565192147397298e+01
3.692154455027564008e+00,6.395946903707168119e-01,2.090778158956887012e+00,3.063009195110150351e+00,3.982948499693376831e+00
7.506806063169129573e+00,6.893541025150677903e+00,5.178672500969296877e-01,1.018258307759089121e+01,-3.775907272377795110e+00
4.202601369596123071e+00,4.175244908918867459e+00,4.183694209634580830e+00,5.924031915276410487e+00,5.922611649919393706e+00
2.388173610409380032e+00,4.622844256172493616e-01,3.161728604152123090e+00,2.015578206762127955e+00,6.380154756611441158e+00
1.678224826933561786e+00,1.783526899565428536e-01,1.381118430837453559e-01,1.312798551991490648e+00,1.668650659090893384e-01
7.393157166347688047e+00,9.862063370981596577e+00,1.003286178173089382e+01,1.220128345281491988e+01,1.430938191559526551e+01
6.160270823475046953e+00,6.161384108475155053e+00,6.153262573124328227e+00,8.712725757822639139e+00,8.696284591034988409e+00
3.214881245038973656e+00,3.327847942692603755e+00,4.844899018904351706e+00,4.626408176112151160e+00,7.924439004258312380e+00
5.325716214736069709e+00,5.324214324771474161e+00,6.183688860102247276e+00,7.530638103651495108e+00,9.352796923641571780e+00
1.000725831295543067e+01,9.938329827363006075e+00,7.635932430624936984e+00,1.410366062877314874e+01,9.170798392534598165e+00
5.807188309689689909e+00,5.814913918481974697e+00,9.749557485595047979e+00,8.218067297183468511e+00,1.657016957112233158e+01
1.383769515522557114e-01,1.272133235070214141e-01,6.157950080385852232e-01,1.878006845116555468e-01,1.216345074305734464e+00
1.717037811556112459e-01,2.690881927629816595e+00,8.114046248724310573e+00,2.024153766409846789e+00,1.530975051760330885e+01
4.643974211277021702e+00,4.455805698440690854e+00,3.026795451224685962e+00,6.434516081466505000e+00,3.270072341459634657e+00
5.697583942761878184e+00,2.692507149854259652e-01,1.319146264878812147e-01,4.219189248712043927e+00,8.944417437619911482e-02
1.006995721484186035e+01,1.008845327611979137e+01,1.001266052957631736e+01,1.425414875610099941e+01,1.410644675131891645e+01
5.410505102162778357e+00,5.450445449842576728e+00,1.309372744946622369e+00,7.679851785454761881e+00,-1.076447896913233393e+00
4.136437963232387993e+00,4.749382742000850754e+00,6.723336121199489313e+00,6.283224077078251923e+00,1.090402894717069593e+01
6.625665210629979818e+00,6.489232311033695133e+00,6.874589253532735533e+00,9.273632972135031238e+00,9.994625865308714552e+00
8.696401849379693516e+00,8.819498072527064636e+00,9.943828656275218947e+00,1.238561161336518879e+01,1.485771912768239744e+01
7.004943621322416547e+00,7.054257275983489173e+00,7.484757283260619509e+00,9.941356292549000884e+00,1.088945473550449172e+01
1.001204782827534778e+01,9.869476575244497951e+00,6.875085479608540773e+00,1.405836072605472253e+01,7.605484878487934530e+00
2.878021985057861443e-01,3.897028343605777323e-01,4.112727170240647823e+00,4.790684030278207217e-01,8.448850296917981950e+00
5.822414043405195194e+00,5.304025430820332510e+00,3.703067022944301012e+00,7.867580802686554797e+00,4.104879059617638326e+00
7.583924887597692788e-01,1.090758747283313568e-01,6.189541937541331862e-02,6.133927622871304663e-01,5.417172161068251057e-02
8.482620369637547952e-01,6.633940321208344315e+00,9.714084141013250573e+00,5.290716025673468437e+00,1.591578012026822542e+01
4.524252549766501375e+00,4.515128464346833681e+00,4.488589428213507482e+00,6.391807612808467098e+00,6.329058112888006349e+00
1.656216447835481276e+00,1.629007148320071430e+00,1.618559263558025485e+00,2.323003882555620514e+00,2.281600691863888919e+00
5.139821264536648115e-01,7.165072747448455459e-01,6.073414264295573517e-01,8.700873997656231040e-01,7.817185706299820680e-01
8.587818954021672724e+00,5.028338089898078067e+00,6.933540858970593135e+00,9.628076979456631435e+00,1.115268931557077536e+01
8.157717380800280083e+00,8.223107877487112916e+00,7.580598245316275019e+00,1.158299262156689480e+01,1.026626193154229050e+01
2.365385594754223497e+00,2.293442475318340890e+00,2.309565051475364506e+00,3.294288920730377157e+00,3.277618601910359253e+00
9.956348150260103225e+00,9.561581303546921262e+00,5.145122401689478764e+00,1.380126027150759782e+01,4.153393842203803032e+00
9.493066150786150459e+00,8.947786485330027517e+00,7.392594591052192854e-01,1.303965194985957154e+01,-4.758834370617410769e+00
1.015511213417726211e+01,1.013941582872644531e+01,1.020119629923709326e+01,1.435039834354924260e+01,1.447035554845428607e+01
2.486482050468813654e+00,5.290708031320447091e+00,5.488251696985976480e+00,5.499303845409944103e+00,7.901244449167269757e+00
7.114507957468113375e+00,9.118188470418509439e+00,8.994446932130443884e+00,1.147824972110127817e+01,1.263257035662600281e+01
2.094742639085057867e+00,2.161683759846976471e+00,3.448122894561299390e+00,3.009747970306270837e+00,5.786031997958017925e+00
2.884867510672490809e-01,1.240424064851992192e+00,2.295160086072715266e+00,1.081103205765970188e+00,3.991657514508306193e+00
2.106514304679214078e+00,2.321426287750672834e+00,1.792747066517579313e-01,3.131026819598339728e+00,-1.261197187787240992e+00
3.130998679350163183e+00,3.237356512190025626e+00,3.192036663816226749e-01,4.503107140942622877e+00,-1.612023511653877250e+00
9.999422598083022251e+00,9.982813504203617683e+00,9.431913579226950617e+00,1.412957465119753309e+01,1.294919503016752671e+01
5.368683893093410653e+00,5.358367000884946663e+00,5.356104560981203022e+00,7.585170429265307490e+00,7.573075925030047451e+00
3.913068955482998490e+00,1.195472692859097741e+00,3.822890578809106543e+00,3.612284441516594669e+00,7.264248708186253900e+00
4.878178030131291365e+00,7.775399807146692766e+00,9.915098106303908310e+00,8.947430695011071577e+00,1.553506139122217355e+01
5.697853243954770441e+00,5.697142795763166845e+00,5.697200920516213074e+00,8.057478971278415614e+00,8.057099909765550905e+00
6.902812253666160025e+00,6.783061628726081871e+00,2.150798050643863313e+00,9.677374228703417458e+00,-2.338172151592310399e-01
8.908465126178390037e+00,5.117447371340547946e+00,5.036373280354348836e+00,9.917817839324786888e+00,7.065179358735712789e+00
4.321091314213081347e-01,4.844021930046508828e+00,6.794949119060690990e+00,3.730788051992854903e+00,1.098902304476388103e+01
8.495581702144736624e-01,3.605326837066068713e+00,2.262026264703528078e+00,3.150079398054351998e+00,2.249131278098558617e+00
6.555057735724768797e+00,6.545418241699282547e+00,6.563008405086256936e+00,9.263435400408011944e+00,9.293933620254708927e+00
9.379725247554482337e+00,5.467717069506209171e+00,9.775216720741864762e+00,1.049872714566972398e+01,1.687010627495681447e+01
3.416166118651843497e+00,3.095302412537754400e+00,4.005234650489335024e+00,4.604303553886987643e+00,6.307676419084496722e+00
3.239059797723852885e+00,5.658788381568007786e+00,4.555430561798115896e+00,6.291728785545649849e+00,5.662159886509288143e+00
3.871179313382070220e+00,3.887146892290633815e+00,3.892387143018213980e+00,5.485965070688477496e+00,5.508372104487598619e+00
2.696994865461047830e+00,2.299318903570579664e-01,1.085179324465848083e-01,2.069649757075362473e+00,6.761489885729154992e-02
7.798266895308290536e+00,1.287608711321361454e+00,4.503903879564106205e+00,6.424684254465264033e+00,8.643746073866333646e+00
6.638213626824712499e+00,6.088042321300060067e+00,7.351069727876273774e+00,8.998821880034663323e+00,1.128907775112742407e+01
9.741267703658367694e+00,8.285933688304767841e+00,9.337836185290536051e+00,1.274715635007270187e+01,1.394950196522181329e+01
8.955183062765431856e+00,8.943896818328969545e+00,8.943957053910784438e+00,1.265656076092155402e+01,1.264870795991151020e+01
7.790486112451121770e+00,7.846204777036735578e+00,7.882134750400336287e+00,1.105681016327476840e+01,1.117242819228169104e+01
4.710664036061131377e+00,4.549919367055822228e+00,2.244314430955252071e+00,6.548221322087592000e+00,1.543631021432680051e+00
9.527688138878618318e+00,6.992176149836630827e+00,4.728400044716488893e+00,1.168130806283203604e+01,5.086236036545086492e+00
2.525909283282762097e+00,7.188408396654002885e+00,1.130695810074908714e+00,6.869059906083659683e+00,-2.684404298922808962e+00
5.549731261206592769e+00,5.604504438093221630e+00,5.107867302458585002e+00,7.887235701927966858e+00,6.872439727542692722e+00
1.587082518136915255e-01,2.038137016448953176e-01,5.124878216621028493e+00,2.563417316195284457e-01,1.072739036865199935e+01
5.139413275387372693e+00,1.307345081037013301e+00,5.367717238112833300e+00,4.558546550498717487e+00,1.046221520353238787e+01
8.883080762324087942e+00,9.327389563682523033e+00,8.501900583563843483e+00,1.287674705611567205e+01,1.143979425558702800e+01
9.084014098601667087e-02,2.719499974296307965e+00,7.140760676491657577e+00,1.987210552956706344e+00,1.322486401827090496e+01
5.580044664207336247e+00,6.958941260128202799e+00,7.097537763344430317e+00,8.866401976300329224e+00,1.013543669164983285e+01
6.256987442588138215e+00,6.299364462195705450e+00,5.476341689384842226e+00,8.878681578837278821e+00,7.162751705591716700e+00
9.812147772891721687e+00,7.130497399034661399e+00,6.960711076176120393e+00,1.198025929230666975e+01,9.723874947442888939e+00
1.640295100576533827e+00,9.407824741370870214e+00,1.013272841368953081e+01,7.812200459602657965e+00,1.484242624888650397e+01
4.023443187930304532e-01,6.187491895187697821e-01,9.655894273489572299e+00,7.220221439528433649e-01,2.004572320985208123e+01
7.964946820796217963e+00,7.862120638354971547e+00,8.334295951422495463e+00,1.119142672666274763e+01,1.212035273311180461e+01
5.386463575702218343e+00,6.157376195759353799e+00,6.262683188209082097e+00,8.162727383331443320e+00,8.931234790078821817e+00
1.510093893485002781e-01,1.728875768107860367e-01,1.155725925570063595e+00,2.290297411769426361e-01,2.329414939545219276e+00
5.266995983677443149e+00,5.309925418342981374e+00,4.511771329957988463e+00,7.479012847445772216e+00,5.816228036823891223e+00
8.380331993788896483e+00,2.792343400874123915e+00,2.771818723845252741e+00,7.900274535562309630e+00,3.905430493392865188e+00
1.199768454027970499e+00,4.954843779495226030e-01,1.468596096569057430e+00,1.198724773316996561e+00,2.765002412504087737e+00
6.007788340459222276e+00,6.447120150964435581e+00,8.287429091008675641e+00,8.806950253343581281e+00,1.302148954869331376e+01
1.868742146464595244e+00,1.662915064966816736e+00,7.737113199889771309e-01,2.497258763029520878e+00,4.654310441596933856e-01
1.915177171560049629e-01,1.922175816442726060e-01,2.411704385018733632e-01,2.713418319619158581e-01,3.756814020154521927e-01
9.863511043790156307e+00,8.660675422319865646e+00,8.577218276031169708e+00,1.309857786615047104e+01,1.207100529931843624e+01
4.652356736163956619e+00,4.793206327302671710e+00,3.960129866801977538e+00,6.679021694302429424e+00,5.011395351923178865e+00
8.266166640138855826e+00,8.374933042133235972e+00,6.568889227694054256e+00,1.176703443173589747e+01,8.012746407221492007e+00
7.839223624851847205e+00,1.000729133438946761e-01,5.145733080865078080e-02,5.613930420009100253e+00,3.839524703093744051e-02
1.001652582783796142e+01,9.973173337632349700e+00,8.331207164375616259e+00,1.413485183378311660e+01,1.062106074721113380e+01
6.515966592692739034e+00,6.562743502071163526e+00,6.030871676506436074e+00,9.248044597180509641e+00,8.152850343268283950e+00
3.247945229216957497e+00,2.135219463082660418e+00,3.250396368178261053e+00,3.806472258169054435e+00,5.385303778781675987e+00
6.473930226854863967e+00,4.532358605618776792e+00,1.149766120861386298e-01,7.782621469139881398e+00,-2.960959278550397755e+00
6.462068898342254286e+00,9.310106147051957493e+00,7.045017332003218336e+00,1.115261192865949091e+01,8.361499396961702857e+00
3.760283425214121067e+00,2.218665177908627939e+00,2.256392969306864948e+00,4.227755101633934309e+00,3.217699116373948343e+00
9.906595710663360421e+00,8.535694681461261979e+00,1.000518631925301527e+01,1.304066859688283664e+01,1.518855768873683232e+01
1.037788528958937739e+01,1.054726895215437743e+01,1.102746307484975574e+01,1.479631846171145781e+01,1.593473635946488898e+01
1.493983344183336115e-01,5.484546059637214199e-01,5.692204828614144674e-02,4.934565464151372538e-01,-2.670660720230042529e-01
7.399394206927663475e+00,7.578566706553619525e+00,6.829122481922711430e+00,1.059101773026967130e+01,9.127900539684501879e+00
8.792641833157832210e+00,8.467891115973655403e+00,2.276278135886483867e+00,1.220503989522471500e+01,-1.158988113198272885e+00
8.400138866256298797e+00,9.944088897566205176e+00,1.003579583195983460e+01,1.297132784742943201e+01,1.425760516995653582e+01
3.141077922891396312e+00,3.590785068514910527e+00,6.168618539994052519e+00,4.760145971242162766e+00,1.054654752881826774e+01
2.896963449810102453e+00,3.811046505570120146e+00,7.707887089167370753e+00,4.743279327716223293e+00,1.365608086060553461e+01
2.479525086536297884e+00,4.515191817018498810e+00,1.787368839969490253e+00,4.946011754983766551e+00,5.988591295000862402e-01
6.082930782217493615e+00,8.251610669341541637e+00,8.253850789603225380e+00,1.013605146559705261e+01,1.167429173268847720e+01
8.552657072269282068e+00,8.559935882639901905e+00,8.590394681470282734e+00,1.210043052210142456e+01,1.217019028787274593e+01
9.071426735771153105e+00,5.426670731861207742e+00,3.068409780455597868e+00,1.025170303366635594e+01,2.671844415892207891e+00
4.988416588392128759e+00,1.934476708426994485e+00,3.195000517669804641e+00,4.895224795611698987e+00,5.409737997240384288e+00
7.093686056971432841e+00,1.398683156705107677e+00,1.067107123815702607e-01,6.005011859330551260e+00,-7.626507397869026761e-01
5.162446860426202377e+00,5.139286823863827181e+00,5.591905504486532230e+00,7.284425746139355340e+00,8.228198342313643110e+00
6.421592145270504481e+00,4.094078978983131556e+00,6.454354926447077645e+00,7.435702360687312940e+00,1.079680340127431748e+01
4.935128457213502351e+00,2.733370915227556708e+00,4.590255888949926089e+00,5.422447907777854681e+00,7.804618089718443841e+00
9.965495903704368885e+00,9.695090400660705043e+00,3.777867257228495035e+00,1.390213389791990650e+01,1.158602501502889126e+00
2.302375680975659478e+00,4.301699190734547429e+00,4.486568159106417042e+00,4.669786125249959063e+00,6.475687640286299285e+00
5.102761885348732207e-01,1.825719700660200395e+00,3.486885501684617417e+00,1.651798534073729563e+00,6.105822369504045888e+00
5.250780904264455984e-01,5.869608745483221313e+00,4.585018265400879756e+00,4.521726425236075819e+00,5.575852375144378925e+00
6.009864236245721081e+00,2.301817536391543406e+00,2.160546626529419534e+00,5.877246544496431468e+00,2.955580723029453516e+00
4.607578864587186018e+00,1.665062281788678433e+00,1.361103522735069404e+00,4.435427090552132690e+00,1.709959761917872356e+00
1.127464893426999737e+00,7.076914031058069376e+00,6.758391387926210747e+00,5.801371972927380938e+00,9.332579239710772967e+00
9.346256784649543903e+00,9.341401938421439510e+00,9.436830631741127462e+00,1.321417020758341643e+01,1.341317214139230529e+01
1.014582066359518819e+01,1.015363150719717211e+01,1.011172918971227475e+01,1.435388028433921548e+01,1.427051514629395612e+01
9.851417454051311751e+00,9.289185689218371067e+00,5.991989316187785519e+00,1.353445027860653838e+01,6.142482642273837001e+00
7.402130597523390421e+00,6.979152319784685865e+00,8.131988114483261754e+00,1.016910267299079607e+01,1.231554588858499244e+01
4.222344042516770202e+00,4.891481225742912109e+00,9.728706983960368149e+00,6.444447649735726813e+00,1.717890449683641663e+01
2.953237835271727452e+00,2.898328137473231259e+00,1.333279378588962061e+00,4.137681979888410133e+00,7.788851893382098268e-01
4.489112982894987169e-01,3.301345190290342124e+00,1.501114074493763439e-01,2.651831794263662445e+00,-2.015969188669238576e+00
6.118358106701515808e-01,3.631787521034207877e+00,4.376472610923670459e+00,3.000694834649602072e+00,6.715838798631995843e+00
1.670089971351222502e+00,3.271354447238514318e+00,9.839249059989766621e+00,3.494128857241221908e+00,1.855900228299926269e+01
3.767624944072215598e+00,6.668739542800669717e+00,6.749206655498615426e+00,7.379624099602279941e+00,9.601718428516120341e+00
6.026534381821787356e+00,6.011181148797667184e+00,6.116615419899572359e+00,8.511950281695634501e+00,8.724753770707996736e+00
8.360790709024291445e+00,7.998264922901991980e+00,8.964707682118735477e+00,1.156759917114305480e+01,1.336138941543339698e+01
6.803175477504249891e+00,6.807909971073017985e+00,6.757289852143650855e+00,9.624490819998527513e+00,9.520457124428213902e+00
1.063672372486291451e+01,1.057138897436962743e+01,1.041677283666285980e+01,1.499640030579586991e+01,1.462221130231494293e+01
9.897725482553337173e+00,9.399087379925976649e+00,1.000522302936820296e+01,1.364490723034690944e+01,1.457812473073962778e+01
6.256942892780298138e+00,6.273601614533546034e+00,6.529382955708507019e+00,8.860432993081465369e+00,9.414806650736503357e+00
9.856982168017387025e+00,9.914487064623852319e+00,9.980720834784966300e+00,1.398053996842180879e+01,1.416170511483708339e+01
1.636792992353598208e+00,1.537689666855391657e+00,2.095702134584912280e+00,2.244698215085792370e+00,3.358344781342427865e+00
2.983673187852655673e-01,1.254496651134928698e+00,1.367775654619107328e+00,1.098040643390866933e+00,2.014427232575785709e+00
8.086242224696217562e+00,9.664105057235001794e+00,7.794862466101324827e+00,1.255139093146976847e+01,9.701846104520146952e+00
1.658412133330632976e+00,2.422886285564501030e+00,1.526999551397834942e+00,2.885913788046695849e+00,1.526015890420083565e+00
4.453375147143924906e+00,4.229857503103858107e+00,2.800793847503042500e-01,6.139972689610643464e+00,-2.396822827215043361e+00
4.110598954466369470e+00,4.251115227800337237e+00,5.546349670193245096e+00,5.912624800624517007e+00,8.759591982693233803e+00
5.567029734815961639e+00,5.573222725486991713e+00,5.569083557994508382e+00,7.877348058810335729e+00,7.872946664302445718e+00
2.084095221151879507e+00,6.827851512855165339e+00,2.457171941504870283e+00,6.301697969189683946e+00,3.844287214635198069e-01
2.042044294562573192e+00,2.131515085872170978e+00,2.074363511330484577e+00,2.951152139590027090e+00,2.893180745101811446e+00
6.846525494101777909e+00,8.422241042739210926e+00,1.000852333437946484e+01,1.079664835855450100e+01,1.527586040410198365e+01
4.486067944609472669e+00,3.657278608504911599e+00,3.390667648205796247e+00,5.758215569259283129e+00,4.606605755626169696e+00
1.943936035893472081e-01,1.508827024397332295e-01,1.769805230676112728e+00,2.441472173762200271e-01,3.647633657912583871e+00
1.856593288709779799e+00,3.317965265223783433e-01,2.181869548589939534e+00,1.547425278230240231e+00,4.393828686539020367e+00
5.881544143527984048e+00,5.839466809882997822e+00,5.906221520151108351e+00,8.288006327518703031e+00,8.399861284484261503e+00
5.172690314278575840e+00,5.171813639332044410e+00,5.184421281864473485e+00,7.314668893609123757e+00,7.340793839397890430e+00
8.482660452093597314e+00,6.671503425951288868e+00,6.633802612824210243e+00,1.071561204137776713e+01,9.354955124543668177e+00
7.965018853269123511e-01,3.400575801900014294e+00,3.216545556409323492e+00,2.967782093804913757e+00,4.418753315335080423e+00
1.145837252574158249e+00,1.071856309501908910e+00,1.005198163568531200e+00,1.568146156337709485e+00,1.374430448780386449e+00
6.730124042341153690e+00,6.930935965800502530e+00,3.799019071709681672e+00,9.659828169953318167e+00,3.158024621001556120e+00
9.805430078667681570e+00,7.422887369588032414e+00,9.933587551715680419e+00,1.218226009609612781e+01,1.582354736296562514e+01
3.473866295662468850e+00,4.200825534352530255e+00,3.449557097233410641e+00,5.426826636520603486e+00,4.347183424709508692e+00
1.629354205107702569e-01,2.120749635437508829e-01,3.289043217205011693e+00,2.651723855803513885e-01,6.827154642662154771e+00
2.059461495116122975e+00,2.207077834766955959e+00,4.231133918700493268e+00,3.016898892359422213e+00,7.414950754494353369e+00
6.694215993359550865e+00,5.275081030650758507e+00,5.468187735095074942e+00,8.463571091713651739e+00,7.869732316778830672e+00
6.258739759121869639e-01,2.189250223103766047e+00,5.043708005217332868e+00,1.990593411006538638e+00,9.151286719971313488e+00
2.225697174256523247e+00,1.493747548753997734e+00,5.939947299362520639e+00,2.630044585889258713e+00,1.154429202470513616e+01
6.668269402669405821e+00,6.354982187966747631e+00,4.667437875498459121e+00,9.208829512837315434e+00,5.407479918164669996e+00
6.445213066472436303e+00,6.464630347579642944e+00,6.379630759610040336e+00,9.128637822132715129e+00,8.962056558121719974e+00
2.293856020286978215e+00,2.252886995970515116e+00,2.762763150987799676e+00,3.215032819108223805e+00,4.267674004529631304e+00
6.106204107926817670e+00,5.756756490027921558e+00,6.558575634702391355e+00,8.388379883762615563e+00,9.842198366930368536e+00
2.472533982187330892e+00,3.068301822247414989e+00,2.255172711953574272e+00,3.917962570757019591e+00,2.614326726869545148e+00
3.260460612176947492e-01,5.043570785955671099e-01,7.882195065196148320e+00,5.871836912805630249e-01,1.636402643329164874e+01
8.635018651342091900e+00,9.066032819455980274e+00,9.334534051523101894e+00,1.251653352913342587e+01,1.339088369604905537e+01
5.651609292699407483e+00,3.517739759438271108e+00,5.541789389572574720e+00,6.483708893832991649e+00,9.268492933474940187e+00
7.903033408589804409e+00,4.607032409775930759e+00,8.080579971374518777e+00,8.845952373256448453e+00,1.388383482293860283e+01
8.927797300616962417e+00,3.809939536343040167e+00,8.653023209140533467e-01,9.006940094384104256e+00,-8.584506653745318516e-01
2.424708714363413620e+00,3.169102966682062927e+00,3.478603838764190215e+00,3.955422172347757837e+00,5.138338892335847063e+00
3.681203729678845349e+00,3.383750893476909827e+00,2.136581227893569412e+00,4.995677322808686149e+00,2.139700021774708638e+00
6.999902190148105774e+00,4.299431619409107341e+00,4.338965683219171865e+00,7.989835559628332362e+00,6.164178920487955793e+00
1.598410413009151654e+00,1.582697657754468246e+00,2.704998002720433892e+00,2.249383088524219865e+00,4.619031046092806569e+00
6.797622920662279355e+00,6.946654871157490696e+00,9.922450110637564435e+00,9.718672029107429111e+00,1.613666851169306327e+01
1.613374366995160791e+00,1.428125506616249041e+00,1.285474222599516381e-01,2.150665185608661822e+00,-7.371469681617952574e-01
4.738715936455402122e+00,4.757821798105061006e+00,4.744435964487358603e+00,6.715066229901648143e+00,6.700180473065778131e+00
1.394839984342316264e+00,1.402719855734184229e+00,1.398221572411230795e+00,1.978173533693775354e+00,1.974203144265417542e+00
7.147745926237867309e+00,2.060463034634034685e+00,6.594409835541183540e+00,6.511186998815254867e+00,1.253188835372937149e+01
4.763792977668817485e+00,4.574487545517734510e+00,5.091309616611643385e+00,6.603161482567470486e+00,7.565647501190130519e+00
5.756648214004298048e+00,3.675977745230516014e+00,3.832881281037391563e+00,6.669873780171197808e+00,5.531460244770229906e+00
3.410474491599241986e+00,1.562374397912663859e+00,2.022093257237767006e-01,3.516335171589857644e+00,-6.758147752010437159e-01
1.233790970950397359e+00,7.541536194919395975e+00,8.268797361558267056e+00,6.205093346117063646e+00,1.220809667585455571e+01
4.464628898913064248e+00,1.921399553145488603e+00,6.667558585182874253e+00,4.515604023300835657e+00,1.278539301522619809e+01
9.642034541332035857e+00,6.849924377474421178e+00,5.779655450188877275e+00,1.166157598653801131e+01,7.416872707323826752e+00
9.610683572129374852e-01,9.229742845617874281e-01,2.035532781589983742e-01,1.332219328043509954e+00,-2.208396655175111079e-01
2.670847252677855277e+00,3.325561306533471040e-01,1.029614190203207436e+00,2.123726898992119416e+00,1.948988832585607511e+00
6.105534404065291021e+00,6.134144839489751533e+00,5.927147780772591190e+00,8.654760192666003604e+00,8.235883753853618927e+00
4.263654546758273156e-01,2.050990360149573810e+00,9.969947717573734991e-01,1.751755096074986362e+00,6.646760999415128879e-01
2.187049508444637524e+00,2.881120030471708837e+00,5.291189347383669528e+00,3.583737049170848898e+00,9.187048093272105476e+00
4.026029852315875956e+00,1.556905403719364145e-01,1.161974997364048079e-01,2.956922846695645646e+00,1.364022831978868311e-01
4.789850095437250488e+00,7.556805631579080362e+00,5.121296414988082191e+00,8.730403989548971566e+00,5.520441764315026312e+00
9.981337561122463953e+00,9.943185702098439549e+00,8.893003221806914382e+00,1.408876551133261046e+01,1.183401461320952208e+01
4.805015946508638613e+00,5.158918846879330999e+00,8.353194707117310713e+00,7.045565859705217093e+00,1.407189536570322375e+01
2.861699895318974285e-01,2.085350667190708052e+00,1.628289533872431250e-01,1.676918338092546534e+00,-1.129153226581667724e+00
7.245028000941484692e+00,7.253814330808898703e+00,7.200186860242999920e+00,1.025222973213527666e+01,1.014468156128117471e+01
7.485073137679937538e+00,8.895989580854454459e+00,5.449293688857562934e+00,1.158316053131781231e+01,5.269283002217663991e+00
5.123605659022107517e+00,6.010693119144730368e+00,9.265517072365181406e-02,7.873138169798858499e+00,-4.053650565586456977e+00
1.150586871511485754e+00,4.805239691585045492e+00,3.847895421065761212e-01,4.211405350336527853e+00,-2.581555687486854822e+00
9.571199019739092151e+00,8.686326892888070361e+00,7.796057007561947749e+00,1.291002038050778111e+01,1.039577368012764325e+01
4.892691753909046426e-01,6.563629610669802439e+00,3.702625186113901012e+00,4.987152558645895795e+00,3.213267124978289146e+00
6.916243328272871693e+00,6.824255804581303764e+00,6.410602189768977333e+00,9.716000113729064580e+00,8.773463283653825329e+00
8.794103241457428055e+00,2.896934382604866798e+00,9.418030928593513096e+00,8.266811983081511883e+00,1.793021865850697338e+01
3.817019270677556975e+00,6.109310870645432878e+00,3.678650715393082304e+00,7.018975355225910207e+00,3.483661454403505608e+00
6.262231185098505293e+00,9.758516440759288813e+00,1.001803843956789741e+01,1.132837928592232757e+01,1.435115559483657321e+01
1.000574577044314495e+01,1.000914168393649106e+01,9.808547944649555816e+00,1.415266264367737392e+01,1.372954033719681277e+01
9.164293134344669411e+00,6.509757270089747472e+00,8.862518226464070281e+00,1.108322732963532431e+01,1.419714669940746710e+01
5.277708019496397895e+00,5.616530103872318769e+00,7.203705323702464192e+00,7.703389652895028306e+00,1.130988012899243778e+01
2.814795728740398406e+00,2.839678227933503774e+00,2.817032755749145689e+00,3.998316878806722485e+00,3.967873161885179023e+00
3.492508133900625200e+00,9.569796947671456167e-01,7.664371732750285382e+00,3.146263016457988115e+00,1.558190084565897138e+01
7.578448957460388158e+00,7.546144508475025603e+00,7.503688623218053522e+00,1.069470260245267568e+01,1.058179737441318125e+01
4.544983445281751244e+00,9.659755118714274502e+00,9.927196921273008456e+00,1.004426696358365234e+01,1.422828643457475550e+01
